Workbook

Sheet Directory — 24 Districts
A1: # | B1: District | C1: Company / Agency * | D1: Contact Person * | E1: Phone (10 digits) * | F1: Address / Stand | G1: Category (A/B/C/D) | H1: Availability | I1: Source | J1: Status | K1: Priority | L1: Quote Sent? | M1: Reply | N1: Notes
A2: 1 | B2: Ranchi | C2: TO VERIFY — FILL LIVE | D2: TO FILL | E2: TO VERIFY — CALL | F2: FILL — Birsa Chowk | G2: A/B/C/D | H2: Daily/On-booking | I2: Google/JD/FB/Field | J2: Found — To Verify | K2: P0/P1/P2 | L2: No | N2: Search hint: Ranchi taxi service, Lalpur tours travels, Kanke cab booking
A3: 2 | B3: Ranchi | C3: TO VERIFY — FILL LIVE | D3: TO FILL | E3: TO VERIFY — CALL | F3: FILL — Birsa Chowk | G3: A/B/C/D | H3: Daily/On-booking | I3: Google/JD/FB/Field | J3: Found — To Verify | K3: P0/P1/P2 | L3: No | N3: Search hint: Ranchi taxi service, Lalpur tours travels, Kanke cab booking
A4: 3 | B4: Khunti | C4: TO VERIFY — FILL LIVE | D4: TO FILL | E4: TO VERIFY — CALL | F4: FILL — Khunti Chowk | G4: A/B/C/D | H4: Daily/On-booking | I4: Google/JD/FB/Field | J4: Found — To Verify | K4: P0/P1/P2 | L4: No | N4: Search hint: Khunti taxi, Khunti tours travels, Torpa auto booking
A5: 4 | B5: Khunti | C5: TO VERIFY — FILL LIVE | D5: TO FILL | E5: TO VERIFY — CALL | F5: FILL — Khunti Chowk | G5: A/B/C/D | H5: Daily/On-booking | I5: Google/JD/FB/Field | J5: Found — To Verify | K5: P0/P1/P2 | L5: No | N5: Search hint: Khunti taxi, Khunti tours travels, Torpa auto booking
A6: 5 | B6: Gumla | C6: TO VERIFY — FILL LIVE | D6: TO FILL | E6: TO VERIFY — CALL | F6: FILL — Gumla Bus Stand | G6: A/B/C/D | H6: Daily/On-booking | I6: Google/JD/FB/Field | J6: Found — To Verify | K6: P0/P1/P2 | L6: No | N6: Search hint: Gumla taxi service, Gumla tours travels
A7: 6 | B7: Gumla | C7: TO VERIFY — FILL LIVE | D7: TO FILL | E7: TO VERIFY — CALL | F7: FILL — Gumla Bus Stand | G7: A/B/C/D | H7: Daily/On-booking | I7: Google/JD/FB/Field | J7: Found — To Verify | K7: P0/P1/P2 | L7: No | N7: Search hint: Gumla taxi service, Gumla tours travels
A8: 7 | B8: Simdega | C8: TO VERIFY — FILL LIVE | D8: TO FILL | E8: TO VERIFY — CALL | F8: FILL — Simdega Bus Stand | G8: A/B/C/D | H8: Daily/On-booking | I8: Google/JD/FB/Field | J8: Found — To Verify | K8: P0/P1/P2 | L8: No | N8: Search hint: Simdega taxi, Simdega tours travels
A9: 8 | B9: Simdega | C9: TO VERIFY — FILL LIVE | D9: TO FILL | E9: TO VERIFY — CALL | F9: FILL — Simdega Bus Stand | G9: A/B/C/D | H9: Daily/On-booking | I9: Google/JD/FB/Field | J9: Found — To Verify | K9: P0/P1/P2 | L9: No | N9: Search hint: Simdega taxi, Simdega tours travels
A10: 9 | B10: Lohardaga | C10: TO VERIFY — FILL LIVE | D10: TO FILL | E10: TO VERIFY — CALL | F10: FILL — Lohardaga Bus Stand | G10: A/B/C/D | H10: Daily/On-booking | I10: Google/JD/FB/Field | J10: Found — To Verify | K10: P0/P1/P2 | L10: No | N10: Search hint: Lohardaga taxi, Lohardaga tours
A11: 10 | B11: Lohardaga | C11: TO VERIFY — FILL LIVE | D11: TO FILL | E11: TO VERIFY — CALL | F11: FILL — Lohardaga Bus Stand | G11: A/B/C/D | H11: Daily/On-booking | I11: Google/JD/FB/Field | J11: Found — To Verify | K11: P0/P1/P2 | L11: No | N11: Search hint: Lohardaga taxi, Lohardaga tours
A12: 11 | B12: West Singhbhum | C12: TO VERIFY — FILL LIVE | D12: TO FILL | E12: TO VERIFY — CALL | F12: FILL — Chaibasa Bus Stand | G12: A/B/C/D | H12: Daily/On-booking | I12: Google/JD/FB/Field | J12: Found — To Verify | K12: P0/P1/P2 | L12: No | N12: Search hint: Chaibasa taxi, Chaibasa tours, Bandgaon travel
A13: 12 | B13: West Singhbhum | C13: TO VERIFY — FILL LIVE | D13: TO FILL | E13: TO VERIFY — CALL | F13: FILL — Chaibasa Bus Stand | G13: A/B/C/D | H13: Daily/On-booking | I13: Google/JD/FB/Field | J13: Found — To Verify | K13: P0/P1/P2 | L13: No | N13: Search hint: Chaibasa taxi, Chaibasa tours, Bandgaon travel
... A49: 48 | B49: Jamtara | C49: TO VERIFY — FILL LIVE | D49: TO FILL | E49: TO VERIFY — CALL | F49: FILL — Jamtara Bus Stand | G49: A/B/C/D | H49: Daily/On-booking | I49: Google/JD/FB/Field | J49: Found — To Verify | K49: P0/P1/P2 | L49: No | N49: Search hint: Jamtara taxi, Jamtara tours travels

Sheet Follow-up Log (7-Day Cycle)
A1: Agency # | B1: Company | C1: Contact | D1: Phone | E1: Quote Sent On | F1: D+1 Follow | G1: D+2 Nudge | H1: D+3 Visit Offer | I1: D+7 Close | J1: Final Status | K1: Driver Live? (App Verified) | L1: Jacket/QR Given? | M1: Rides / Week (after)
A2: =Directory!A2 | B2: =Directory!C2 | C2: =Directory!D2 | D2: =Directory!E2 | J2: =Directory!M2
A3: =Directory!A3 | B3: =Directory!C3 | C3: =Directory!D3 | D3: =Directory!E3 | J3: =Directory!M3
A4: =Directory!A4 | B4: =Directory!C4 | C4: =Directory!D4 | D4: =Directory!E4 | J4: =Directory!M4
A5: =Directory!A5 | B5: =Directory!C5 | C5: =Directory!D5 | D5: =Directory!E5 | J5: =Directory!M5
A6: =Directory!A6 | B6: =Directory!C6 | C6: =Directory!D6 | D6: =Directory!E6 | J6: =Directory!M6
A7: =Directory!A7 | B7: =Directory!C7 | C7: =Directory!D7 | D7: =Directory!E7 | J7: =Directory!M7
A8: =Directory!A8 | B8: =Directory!C8 | C8: =Directory!D8 | D8: =Directory!E8 | J8: =Directory!M8
A9: =Directory!A9 | B9: =Directory!C9 | C9: =Directory!D9 | D9: =Directory!E9 | J9: =Directory!M9
A10: =Directory!A10 | B10: =Directory!C10 | C10: =Directory!D10 | D10: =Directory!E10 | J10: =Directory!M10
A11: =Directory!A11 | B11: =Directory!C11 | C11: =Directory!D11 | D11: =Directory!E11 | J11: =Directory!M11
A12: =Directory!A12 | B12: =Directory!C12 | C12: =Directory!D12 | D12: =Directory!E12 | J12: =Directory!M12
A13: =Directory!A13 | B13: =Directory!C13 | C13: =Directory!D13 | D13: =Directory!E13 | J13: =Directory!M13
... A31: =Directory!A31 | B31: =Directory!C31 | C31: =Directory!D31 | D31: =Directory!E31 | J31: =Directory!M31

Sheet Quote Templates
A1: Template | B1: For Category | C1: Channel | D1: Content (copy as-is — replace [Name]/[Company]/[District]/[Category])
A2: WA-CAT-A | B2: CAT-A Rural Last-Mile | C2: WhatsApp | D2: Namaste [Name] ji — District Car (Khunti, 24 districts) — 100% kiraya aapka, sawari hum dhoondhenge. Fixed ₹10/km Auto, 35% return, OTP verified. Join: Play Store 'District Car Sarathi' (12 MB) → Aadhaar+DL+RC+live photo → 24hr verify → Jacket/QR → Online. Choice: 10% ya ₹299/mo (early ₹199×6). Reply JOIN — Saathi 24hr me milega. +91 87896 01387
A3: WA-CAT-B | B3: CAT-B Intercity/Sedan | C3: WhatsApp | D3: Namaste [Name] ji — District Car sedan/intercity partner [District]. 100% fare yours (peer-to-peer) till PMF, then 10% OR ₹299/mo. Fixed ₹14/km Mini, ₹18/km Sedan, 35% round-trip. Customers: village→Sadar/Station/Haat. Join via 'District Car Sarathi' app → 24hr verify → jackets. Reply JOIN / +91 87896 01387
A4: WA-CAT-D | B4: CAT-D Fleet/Agency | C4: WhatsApp+Email | D4: Dear [Name] — District Car invites [Company] fleet ([District]) as Verified Fleet Partner. Zero commission at start, fixed fares, Admin Panel fleet view, referral ₹300/2 drivers. Join: 'District Car Sarathi' per driver → 24hr verify. Attached one-pager. Reply INTERESTED — we visit this week. +91 87896 01387, Nichey Chowk Khunti
A5: EMAIL-FLEET | B5: CAT-D Fleet (Email) | C5: Email | D5: Subject: Partnership — District Car × [Company], [District] | See PDF Page 7 full email (fleet) with one-pager + rate card. Attach Agency Kit PDF.
